tcu-horned-frogs,Conference,0,4,0
tcu-horned-frogs,Overall,0,0,0
north-carolina-tar-heels,Conference,0,6,0
north-carolina-tar-heels,Overall,0,0,0
stanford-cardinal,Conference,0,5,0
stanford-cardinal,Overall,0,0,0
hawaii-rainbow-warriors,Conference,0,3,0
hawaii-rainbow-warriors,Overall,0,0,0
virginia-cavaliers,Conference,0,1,0
virginia-cavaliers,Overall,0,0,0
nc-state-wolfpack,Conference,0,4,0
nc-state-wolfpack,Overall,0,0,0
florida-state-seminoles,Conference,0,6,0
florida-state-seminoles,Overall,0,0,0
new-mexico-state-aggies,Conference,0,6,0
new-mexico-state-aggies,Overall,0,0,0
unlv-rebels,Conference,0,2,0
unlv-rebels,Overall,0,0,0
memphis-tigers,Conference,0,4,0
memphis-tigers,Overall,0,0,0
ucf-knights,Conference,0,7,0
ucf-knights,Overall,0,0,0
bethune-cookman-wildcats,Conference,0,0,0
bethune-cookman-wildcats,Overall,0,0,0
utah-utes,Conference,0,2,0
utah-utes,Overall,0,0,0
idaho-vandals,Conference,0,0,0
idaho-vandals,Overall,0,0,0
georgia-tech-yellow-jackets,Conference,0,2,0
georgia-tech-yellow-jackets,Overall,0,0,0
colorado-buffaloes,Conference,0,8,0
colorado-buffaloes,Overall,0,0,0
wake-forest-demon-deacons,Conference,0,4,0
wake-forest-demon-deacons,Overall,0,0,0
akron-zips,Conference,0,4,0
akron-zips,Overall,0,0,0
minnesota-golden-gophers,Conference,0,4,0
minnesota-golden-gophers,Overall,0,0,0
eastern-illinois-panthers,Conference,0,0,0
eastern-illinois-panthers,Overall,0,0,0
rutgers-scarlet-knights,Conference,0,7,0
rutgers-scarlet-knights,Overall,0,0,0
massachusetts-minutemen,Conference,0,8,0
massachusetts-minutemen,Overall,0,0,0
kansas-jayhawks,Conference,0,6,0
kansas-jayhawks,Overall,0,0,0
long-island-university-sharks,Conference,0,0,0
long-island-university-sharks,Overall,0,0,0
stanford-cardinal,Conference,0,5,0
stanford-cardinal,Overall,0,0,0
miami-hurricanes,Conference,0,2,0
miami-hurricanes,Overall,0,0,0
alabama-crimson-tide,Conference,0,1,0
alabama-crimson-tide,Overall,0,0,0
east-carolina-pirates,Conference,0,2,0
east-carolina-pirates,Overall,0,0,0
arkansas-razorbacks,Conference,0,8,0
arkansas-razorbacks,Overall,0,0,0
north-alabama-lions,Conference,0,0,0
north-alabama-lions,Overall,0,0,0
auburn-tigers,Conference,0,7,0
auburn-tigers,Overall,0,0,0
baylor-bears,Conference,0,6,0
baylor-bears,Overall,0,0,0
florida-gators,Conference,0,6,0
florida-gators,Overall,0,0,0
florida-atlantic-owls,Conference,0,5,0
florida-atlantic-owls,Overall,0,0,0
georgia-bulldogs,Conference,0,1,0
georgia-bulldogs,Overall,0,0,0
tennessee-state-tigers,Conference,0,0,0
tennessee-state-tigers,Overall,0,0,0
kentucky-wildcats,Conference,0,6,0
kentucky-wildcats,Overall,0,0,0
youngstown-state-penguins,Conference,0,0,0
youngstown-state-penguins,Overall,0,0,0
lsu-tigers,Conference,0,5,0
lsu-tigers,Overall,0,0,0
clemson-tigers,Conference,0,4,0
clemson-tigers,Overall,0,0,0
ole-miss-rebels,Conference,0,1,0
ole-miss-rebels,Overall,0,0,0
louisville-cardinals,Conference,0,4,0
louisville-cardinals,Overall,0,0,0
mississippi-state-bulldogs,Conference,0,7,0
mississippi-state-bulldogs,Overall,0,0,0
ul-monroe-warhawks,Conference,0,7,0
ul-monroe-warhawks,Overall,0,0,0
missouri-tigers,Conference,0,4,0
missouri-tigers,Overall,0,0,0
arkansas-pine-bluff-golden-lions,Conference,0,0,0
arkansas-pine-bluff-golden-lions,Overall,0,0,0
oklahoma-sooners,Conference,0,2,0
oklahoma-sooners,Overall,0,0,0
utep-miners,Conference,0,7,0
utep-miners,Overall,0,0,0
south-carolina-gamecocks,Conference,0,7,0
south-carolina-gamecocks,Overall,0,0,0
kent-state-golden-flashes,Conference,0,4,0
kent-state-golden-flashes,Overall,0,0,0
tennessee-volunteers,Conference,0,4,0
tennessee-volunteers,Overall,0,0,0
furman-paladins,Conference,0,0,0
furman-paladins,Overall,0,0,0
texas-longhorns,Conference,0,2,0
texas-longhorns,Overall,0,0,0
texas-state-bobcats,Conference,0,5,0
texas-state-bobcats,Overall,0,0,0
texas-am-aggies,Conference,0,1,0
texas-am-aggies,Overall,0,0,0
missouri-state-bears,Conference,0,3,0
missouri-state-bears,Overall,0,0,0
vanderbilt-commodores,Conference,0,2,0
vanderbilt-commodores,Overall,0,0,0
austin-peay-governors,Conference,0,0,0
austin-peay-governors,Overall,0,0,0
texas-tech-red-raiders,Conference,0,1,0
texas-tech-red-raiders,Overall,0,0,0
abilene-christian-wildcats,Conference,0,0,0
abilene-christian-wildcats,Overall,0,0,0
kansas-state-wildcats,Conference,0,4,0
kansas-state-wildcats,Overall,0,0,0
nicholls-colonels,Conference,0,0,0
nicholls-colonels,Overall,0,0,0
tulsa-golden-hurricane,Conference,0,7,0
tulsa-golden-hurricane,Overall,0,0,0
oklahoma-state-cowboys,Conference,0,9,0
oklahoma-state-cowboys,Overall,0,0,0
arizona-wildcats,Conference,0,3,0
arizona-wildcats,Overall,0,0,0
northern-arizona-lumberjacks,Conference,0,0,0
northern-arizona-lumberjacks,Overall,0,0,0
arizona-state-sun-devils,Conference,0,3,0
arizona-state-sun-devils,Overall,0,0,0
morgan-state-bears,Conference,0,0,0
morgan-state-bears,Overall,0,0,0
byu-cougars,Conference,0,1,0
byu-cougars,Overall,0,0,0
utah-tech-trailblazers,Conference,0,0,0
utah-tech-trailblazers,Overall,0,0,0
cincinnati-bearcats,Conference,0,4,0
cincinnati-bearcats,Overall,0,0,0
boston-college-eagles,Conference,0,7,0
boston-college-eagles,Overall,0,0,0
houston-cougars,Conference,0,3,0
houston-cougars,Overall,0,0,0
oregon-state-beavers,Conference,0,0,0
oregon-state-beavers,Overall,0,0,0
iowa-state-cyclones,Conference,0,4,0
iowa-state-cyclones,Overall,0,0,0
southeast-missouri-state-redhawks,Conference,0,0,0
southeast-missouri-state-redhawks,Overall,0,0,0
west-virginia-mountaineers,Conference,0,7,0
west-virginia-mountaineers,Overall,0,0,0
coastal-carolina-chanticleers,Conference,0,3,0
coastal-carolina-chanticleers,Overall,0,0,0
pittsburgh-panthers,Conference,0,2,0
pittsburgh-panthers,Overall,0,0,0
miami-oh-redhawks,Conference,0,2,0
miami-oh-redhawks,Overall,0,0,0
syracuse-orange,Conference,0,7,0
syracuse-orange,Overall,0,0,0
new-hampshire-wildcats,Conference,0,0,0
new-hampshire-wildcats,Overall,0,0,0
duke-blue-devils,Conference,0,2,0
duke-blue-devils,Overall,0,0,0
tulane-green-wave,Conference,0,1,0
tulane-green-wave,Overall,0,0,0
california-golden-bears,Conference,0,4,0
california-golden-bears,Overall,0,0,0
ucla-bruins,Conference,0,6,0
ucla-bruins,Overall,0,0,0
virginia-tech-hokies,Conference,0,6,0
virginia-tech-hokies,Overall,0,0,0
vmi-keydets,Conference,0,0,0
vmi-keydets,Overall,0,0,0
illinois-fighting-illini,Conference,0,4,0
illinois-fighting-illini,Overall,0,0,0
uab-blazers,Conference,0,6,0
uab-blazers,Overall,0,0,0
indiana-hoosiers,Conference,0,0,0
indiana-hoosiers,Overall,0,0,0
north-texas-mean-green,Conference,0,1,0
north-texas-mean-green,Overall,0,0,0
iowa-hawkeyes,Conference,0,3,0
iowa-hawkeyes,Overall,0,0,0
northern-illinois-huskies,Conference,0,6,0
northern-illinois-huskies,Overall,0,0,0
maryland-terrapins,Conference,0,8,0
maryland-terrapins,Overall,0,0,0
howard-bison,Conference,0,0,0
howard-bison,Overall,0,0,0
michigan-wolverines,Conference,0,2,0
michigan-wolverines,Overall,0,0,0
western-michigan-broncos,Conference,0,1,0
western-michigan-broncos,Overall,0,0,0
michigan-state-spartans,Conference,0,8,0
michigan-state-spartans,Overall,0,0,0
toledo-rockets,Conference,0,2,0
toledo-rockets,Overall,0,0,0
nebraska-cornhuskers,Conference,0,5,0
nebraska-cornhuskers,Overall,0,0,0
ohio-bobcats,Conference,0,2,0
ohio-bobcats,Overall,0,0,0
northwestern-wildcats,Conference,0,5,0
northwestern-wildcats,Overall,0,0,0
south-dakota-state-jackrabbits,Conference,0,0,0
south-dakota-state-jackrabbits,Overall,0,0,0
ohio-state-buckeyes,Conference,0,0,0
ohio-state-buckeyes,Overall,0,0,0
ball-state-cardinals,Conference,0,5,0
ball-state-cardinals,Overall,0,0,0
oregon-ducks,Conference,0,1,0
oregon-ducks,Overall,0,0,0
boise-state-broncos,Conference,0,2,0
boise-state-broncos,Overall,0,0,0
penn-state-nittany-lions,Conference,0,6,0
penn-state-nittany-lions,Overall,0,0,0
marshall-thundering-herd,Conference,0,5,0
marshall-thundering-herd,Overall,0,0,0
purdue-boilermakers,Conference,0,9,0
purdue-boilermakers,Overall,0,0,0
indiana-state-sycamores,Conference,0,0,0
indiana-state-sycamores,Overall,0,0,0
usc-trojans,Conference,0,2,0
usc-trojans,Overall,0,0,0
fresno-state-bulldogs,Conference,0,3,0
fresno-state-bulldogs,Overall,0,0,0
washington-huskies,Conference,0,4,0
washington-huskies,Overall,0,0,0
washington-state-cougars,Conference,0,0,0
washington-state-cougars,Overall,0,0,0
colorado-state-rams,Conference,0,7,0
colorado-state-rams,Overall,0,0,0
wyoming-cowboys,Conference,0,6,0
wyoming-cowboys,Overall,0,0,0
san-diego-state-aztecs,Conference,0,2,0
san-diego-state-aztecs,Overall,0,0,0
portland-state-vikings,Conference,0,0,0
portland-state-vikings,Overall,0,0,0
utah-state-aggies,Conference,0,4,0
utah-state-aggies,Overall,0,0,0
idaho-state-bengals,Conference,0,0,0
idaho-state-bengals,Overall,0,0,0
uconn-huskies,Conference,0,0,0
uconn-huskies,Overall,0,0,0
lafayette-leopards,Conference,0,0,0
lafayette-leopards,Overall,0,0,0
charlotte-49ers,Conference,0,8,0
charlotte-49ers,Overall,0,0,0
the-citadel-bulldogs,Conference,0,0,0
the-citadel-bulldogs,Overall,0,0,0
memphis-tigers,Conference,0,4,0
memphis-tigers,Overall,0,0,0
arkansas-state-red-wolves,Conference,0,3,0
arkansas-state-red-wolves,Overall,0,0,0
navy-midshipmen,Conference,0,1,0
navy-midshipmen,Overall,0,0,0
towson-tigers,Conference,0,0,0
towson-tigers,Overall,0,0,0
rice-owls,Conference,0,6,0
rice-owls,Overall,0,0,0
houston-christian-huskies,Conference,0,0,0
houston-christian-huskies,Overall,0,0,0
temple-owls,Conference,0,5,0
temple-owls,Overall,0,0,0
rhode-island-rams,Conference,0,0,0
rhode-island-rams,Overall,0,0,0
south-florida-bulls,Conference,0,2,0
south-florida-bulls,Overall,0,0,0
florida-international-panthers,Conference,0,3,0
florida-international-panthers,Overall,0,0,0
utsa-roadrunners,Conference,0,4,0
utsa-roadrunners,Overall,0,0,0
ut-rio-grande-valley-vaqueros,Conference,0,0,0
ut-rio-grande-valley-vaqueros,Overall,0,0,0
army-black-knights,Conference,0,4,0
army-black-knights,Overall,0,0,0
bryant-bulldogs,Conference,0,0,0
bryant-bulldogs,Overall,0,0,0
wisconsin-badgers,Conference,0,7,0
wisconsin-badgers,Overall,0,0,0
notre-dame-fighting-irish,Conference,0,0,0
notre-dame-fighting-irish,Overall,0,0,0
florida-state-seminoles,Conference,0,6,0
florida-state-seminoles,Overall,0,0,0
smu-mustangs,Conference,0,2,0
smu-mustangs,Overall,0,0,0
