north-carolina-tar-heels-at-tcu-horned-frogs-week-1,north-carolina-tar-heels,0,0,0,0,0,0
north-carolina-tar-heels-at-tcu-horned-frogs-week-1,tcu-horned-frogs,0,0,0,0,0,0
hawaii-rainbow-warriors-at-stanford-cardinal-week-1,hawaii-rainbow-warriors,0,0,0,0,0,0
hawaii-rainbow-warriors-at-stanford-cardinal-week-1,stanford-cardinal,0,0,0,0,0,0
nc-state-wolfpack-at-virginia-cavaliers-week-1,nc-state-wolfpack,0,0,0,0,0,0
nc-state-wolfpack-at-virginia-cavaliers-week-1,virginia-cavaliers,0,0,0,0,0,0
new-mexico-state-aggies-at-florida-state-seminoles-week-1,new-mexico-state-aggies,0,0,0,0,0,0
new-mexico-state-aggies-at-florida-state-seminoles-week-1,florida-state-seminoles,0,0,0,0,0,0
bethune-cookman-wildcats-at-ucf-knights-week-1,bethune-cookman-wildcats,0,0,0,0,0,0
bethune-cookman-wildcats-at-ucf-knights-week-1,ucf-knights,0,0,0,0,0,0
idaho-vandals-at-utah-utes-week-1,idaho-vandals,0,0,0,0,0,0
idaho-vandals-at-utah-utes-week-1,utah-utes,0,0,0,0,0,0
colorado-buffaloes-at-georgia-tech-yellow-jackets-week-1,colorado-buffaloes,0,0,0,0,0,0
colorado-buffaloes-at-georgia-tech-yellow-jackets-week-1,georgia-tech-yellow-jackets,0,0,0,0,0,0
akron-zips-at-wake-forest-demon-deacons-week-1,akron-zips,0,0,0,0,0,0
akron-zips-at-wake-forest-demon-deacons-week-1,wake-forest-demon-deacons,0,0,0,0,0,0
eastern-illinois-panthers-at-minnesota-golden-gophers-week-1,eastern-illinois-panthers,0,0,0,0,0,0
eastern-illinois-panthers-at-minnesota-golden-gophers-week-1,minnesota-golden-gophers,0,0,0,0,0,0
massachusetts-minutemen-at-rutgers-scarlet-knights-week-1,massachusetts-minutemen,0,0,0,0,0,0
massachusetts-minutemen-at-rutgers-scarlet-knights-week-1,rutgers-scarlet-knights,0,0,0,0,0,0
long-island-university-sharks-at-kansas-jayhawks-week-1,long-island-university-sharks,0,0,0,0,0,0
long-island-university-sharks-at-kansas-jayhawks-week-1,kansas-jayhawks,0,0,0,0,0,0
miami-hurricanes-at-stanford-cardinal-week-1,miami-hurricanes,0,0,0,0,0,0
miami-hurricanes-at-stanford-cardinal-week-1,stanford-cardinal,0,0,0,0,0,0
east-carolina-pirates-at-alabama-crimson-tide-week-1,east-carolina-pirates,0,0,0,0,0,0
east-carolina-pirates-at-alabama-crimson-tide-week-1,alabama-crimson-tide,0,0,0,0,0,0
north-alabama-lions-at-arkansas-razorbacks-week-1,north-alabama-lions,0,0,0,0,0,0
north-alabama-lions-at-arkansas-razorbacks-week-1,arkansas-razorbacks,0,0,0,0,0,0
baylor-bears-at-auburn-tigers-week-1,baylor-bears,0,0,0,0,0,0
baylor-bears-at-auburn-tigers-week-1,auburn-tigers,0,0,0,0,0,0
florida-atlantic-owls-at-florida-gators-week-1,florida-atlantic-owls,0,0,0,0,0,0
florida-atlantic-owls-at-florida-gators-week-1,florida-gators,0,0,0,0,0,0
tennessee-state-tigers-at-georgia-bulldogs-week-1,tennessee-state-tigers,0,0,0,0,0,0
tennessee-state-tigers-at-georgia-bulldogs-week-1,georgia-bulldogs,0,0,0,0,0,0
youngstown-state-penguins-at-kentucky-wildcats-week-1,youngstown-state-penguins,0,0,0,0,0,0
youngstown-state-penguins-at-kentucky-wildcats-week-1,kentucky-wildcats,0,0,0,0,0,0
clemson-tigers-at-lsu-tigers-week-1,clemson-tigers,0,0,0,0,0,0
clemson-tigers-at-lsu-tigers-week-1,lsu-tigers,0,0,0,0,0,0
louisville-cardinals-at-ole-miss-rebels-week-1,louisville-cardinals,0,0,0,0,0,0
louisville-cardinals-at-ole-miss-rebels-week-1,ole-miss-rebels,0,0,0,0,0,0
ul-monroe-warhawks-at-mississippi-state-bulldogs-week-1,ul-monroe-warhawks,0,0,0,0,0,0
ul-monroe-warhawks-at-mississippi-state-bulldogs-week-1,mississippi-state-bulldogs,0,0,0,0,0,0
arkansas-pine-bluff-golden-lions-at-missouri-tigers-week-1,arkansas-pine-bluff-golden-lions,0,0,0,0,0,0
arkansas-pine-bluff-golden-lions-at-missouri-tigers-week-1,missouri-tigers,0,0,0,0,0,0
utep-miners-at-oklahoma-sooners-week-1,utep-miners,0,0,0,0,0,0
utep-miners-at-oklahoma-sooners-week-1,oklahoma-sooners,0,0,0,0,0,0
kent-state-golden-flashes-at-south-carolina-gamecocks-week-1,kent-state-golden-flashes,0,0,0,0,0,0
kent-state-golden-flashes-at-south-carolina-gamecocks-week-1,south-carolina-gamecocks,0,0,0,0,0,0
furman-paladins-at-tennessee-volunteers-week-1,furman-paladins,0,0,0,0,0,0
furman-paladins-at-tennessee-volunteers-week-1,tennessee-volunteers,0,0,0,0,0,0
texas-state-bobcats-at-texas-longhorns-week-1,texas-state-bobcats,0,0,0,0,0,0
texas-state-bobcats-at-texas-longhorns-week-1,texas-longhorns,0,0,0,0,0,0
missouri-state-bears-at-texas-am-aggies-week-1,missouri-state-bears,0,0,0,0,0,0
missouri-state-bears-at-texas-am-aggies-week-1,texas-am-aggies,0,0,0,0,0,0
austin-peay-governors-at-vanderbilt-commodores-week-1,austin-peay-governors,0,0,0,0,0,0
austin-peay-governors-at-vanderbilt-commodores-week-1,vanderbilt-commodores,0,0,0,0,0,0
abilene-christian-wildcats-at-texas-tech-red-raiders-week-1,abilene-christian-wildcats,0,0,0,0,0,0
abilene-christian-wildcats-at-texas-tech-red-raiders-week-1,texas-tech-red-raiders,0,0,0,0,0,0
nicholls-colonels-at-kansas-state-wildcats-week-1,nicholls-colonels,0,0,0,0,0,0
nicholls-colonels-at-kansas-state-wildcats-week-1,kansas-state-wildcats,0,0,0,0,0,0
oklahoma-state-cowboys-at-tulsa-golden-hurricane-week-1,oklahoma-state-cowboys,0,0,0,0,0,0
oklahoma-state-cowboys-at-tulsa-golden-hurricane-week-1,tulsa-golden-hurricane,0,0,0,0,0,0
northern-arizona-lumberjacks-at-arizona-wildcats-week-1,northern-arizona-lumberjacks,0,0,0,0,0,0
northern-arizona-lumberjacks-at-arizona-wildcats-week-1,arizona-wildcats,0,0,0,0,0,0
morgan-state-bears-at-arizona-state-sun-devils-week-1,morgan-state-bears,0,0,0,0,0,0
morgan-state-bears-at-arizona-state-sun-devils-week-1,arizona-state-sun-devils,0,0,0,0,0,0
utah-tech-trailblazers-at-byu-cougars-week-1,utah-tech-trailblazers,0,0,0,0,0,0
utah-tech-trailblazers-at-byu-cougars-week-1,byu-cougars,0,0,0,0,0,0
boston-college-eagles-at-cincinnati-bearcats-week-1,boston-college-eagles,0,0,0,0,0,0
boston-college-eagles-at-cincinnati-bearcats-week-1,cincinnati-bearcats,0,0,0,0,0,0
oregon-state-beavers-at-houston-cougars-week-1,oregon-state-beavers,0,0,0,0,0,0
oregon-state-beavers-at-houston-cougars-week-1,houston-cougars,0,0,0,0,0,0
southeast-missouri-state-redhawks-at-iowa-state-cyclones-week-1,southeast-missouri-state-redhawks,0,0,0,0,0,0
southeast-missouri-state-redhawks-at-iowa-state-cyclones-week-1,iowa-state-cyclones,0,0,0,0,0,0
coastal-carolina-chanticleers-at-west-virginia-mountaineers-week-1,coastal-carolina-chanticleers,0,0,0,0,0,0
coastal-carolina-chanticleers-at-west-virginia-mountaineers-week-1,west-virginia-mountaineers,0,0,0,0,0,0
miami-oh-redhawks-at-pittsburgh-panthers-week-1,miami-oh-redhawks,0,0,0,0,0,0
miami-oh-redhawks-at-pittsburgh-panthers-week-1,pittsburgh-panthers,0,0,0,0,0,0
new-hampshire-wildcats-at-syracuse-orange-week-1,new-hampshire-wildcats,0,0,0,0,0,0
new-hampshire-wildcats-at-syracuse-orange-week-1,syracuse-orange,0,0,0,0,0,0
tulane-green-wave-at-duke-blue-devils-week-1,tulane-green-wave,0,0,0,0,0,0
tulane-green-wave-at-duke-blue-devils-week-1,duke-blue-devils,0,0,0,0,0,0
ucla-bruins-at-california-golden-bears-week-1,ucla-bruins,0,0,0,0,0,0
ucla-bruins-at-california-golden-bears-week-1,california-golden-bears,0,0,0,0,0,0
vmi-keydets-at-virginia-tech-hokies-week-1,vmi-keydets,0,0,0,0,0,0
vmi-keydets-at-virginia-tech-hokies-week-1,virginia-tech-hokies,0,0,0,0,0,0
uab-blazers-at-illinois-fighting-illini-week-1,uab-blazers,0,0,0,0,0,0
uab-blazers-at-illinois-fighting-illini-week-1,illinois-fighting-illini,0,0,0,0,0,0
north-texas-mean-green-at-indiana-hoosiers-week-1,north-texas-mean-green,0,0,0,0,0,0
north-texas-mean-green-at-indiana-hoosiers-week-1,indiana-hoosiers,0,0,0,0,0,0
northern-illinois-huskies-at-iowa-hawkeyes-week-1,northern-illinois-huskies,0,0,0,0,0,0
northern-illinois-huskies-at-iowa-hawkeyes-week-1,iowa-hawkeyes,0,0,0,0,0,0
howard-bison-at-maryland-terrapins-week-1,howard-bison,0,0,0,0,0,0
howard-bison-at-maryland-terrapins-week-1,maryland-terrapins,0,0,0,0,0,0
western-michigan-broncos-at-michigan-wolverines-week-1,western-michigan-broncos,0,0,0,0,0,0
western-michigan-broncos-at-michigan-wolverines-week-1,michigan-wolverines,0,0,0,0,0,0
toledo-rockets-at-michigan-state-spartans-week-1,toledo-rockets,0,0,0,0,0,0
toledo-rockets-at-michigan-state-spartans-week-1,michigan-state-spartans,0,0,0,0,0,0
ohio-bobcats-at-nebraska-cornhuskers-week-1,ohio-bobcats,0,0,0,0,0,0
ohio-bobcats-at-nebraska-cornhuskers-week-1,nebraska-cornhuskers,0,0,0,0,0,0
south-dakota-state-jackrabbits-at-northwestern-wildcats-week-1,south-dakota-state-jackrabbits,0,0,0,0,0,0
south-dakota-state-jackrabbits-at-northwestern-wildcats-week-1,northwestern-wildcats,0,0,0,0,0,0
ball-state-cardinals-at-ohio-state-buckeyes-week-1,ball-state-cardinals,0,0,0,0,0,0
ball-state-cardinals-at-ohio-state-buckeyes-week-1,ohio-state-buckeyes,0,0,0,0,0,0
boise-state-broncos-at-oregon-ducks-week-1,boise-state-broncos,0,0,0,0,0,0
boise-state-broncos-at-oregon-ducks-week-1,oregon-ducks,0,0,0,0,0,0
marshall-thundering-herd-at-penn-state-nittany-lions-week-1,marshall-thundering-herd,0,0,0,0,0,0
marshall-thundering-herd-at-penn-state-nittany-lions-week-1,penn-state-nittany-lions,0,0,0,0,0,0
indiana-state-sycamores-at-purdue-boilermakers-week-1,indiana-state-sycamores,0,0,0,0,0,0
indiana-state-sycamores-at-purdue-boilermakers-week-1,purdue-boilermakers,0,0,0,0,0,0
fresno-state-bulldogs-at-usc-trojans-week-1,fresno-state-bulldogs,0,0,0,0,0,0
fresno-state-bulldogs-at-usc-trojans-week-1,usc-trojans,0,0,0,0,0,0
washington-state-cougars-at-washington-huskies-week-1,washington-state-cougars,0,0,0,0,0,0
washington-state-cougars-at-washington-huskies-week-1,washington-huskies,0,0,0,0,0,0
wyoming-cowboys-at-colorado-state-rams-week-1,wyoming-cowboys,0,0,0,0,0,0
wyoming-cowboys-at-colorado-state-rams-week-1,colorado-state-rams,0,0,0,0,0,0
portland-state-vikings-at-san-diego-state-aztecs-week-1,portland-state-vikings,0,0,0,0,0,0
portland-state-vikings-at-san-diego-state-aztecs-week-1,san-diego-state-aztecs,0,0,0,0,0,0
idaho-state-bengals-at-utah-state-aggies-week-1,idaho-state-bengals,0,0,0,0,0,0
idaho-state-bengals-at-utah-state-aggies-week-1,utah-state-aggies,0,0,0,0,0,0
lafayette-leopards-at-uconn-huskies-week-1,lafayette-leopards,0,0,0,0,0,0
lafayette-leopards-at-uconn-huskies-week-1,uconn-huskies,0,0,0,0,0,0
notre-dame-fighting-irish-at-wisconsin-badgers-week-1,notre-dame-fighting-irish,0,0,0,0,0,0
notre-dame-fighting-irish-at-wisconsin-badgers-week-1,wisconsin-badgers,0,0,0,0,0,0
smu-mustangs-at-florida-state-seminoles-week-1,smu-mustangs,0,0,0,0,0,0
smu-mustangs-at-florida-state-seminoles-week-1,florida-state-seminoles,0,0,0,0,0,0
